"date","value","topic","variable_short","variable_long","location","unit","source","update","public","description"
2019-08-01,11,"Bildung","ilias_nutzung","Nutzung der Lernplattform ILIAS, durchschnittliche parallele Sessions","ZH","Anzahl","Pädagogische Hochschule Zürich","monatlich","Ja","https://bildungsmonitoringzh.github.io/covid19_edu_phzh/"
2019-08-02,18,"Bildung","ilias_nutzung","Nutzung der Lernplattform ILIAS, durchschnittliche parallele Sessions","ZH","Anzahl","Pädagogische Hochschule Zürich","monatlich","Ja","https://bildungsmonitoringzh.github.io/covid19_edu_phzh/"
2019-08-03,11,"Bildung","ilias_nutzung","Nutzung der Lernplattform ILIAS, durchschnittliche parallele Sessions","ZH","Anzahl","Pädagogische Hochschule Zürich","monatlich","Ja","https://bildungsmonitoringzh.github.io/covid19_edu_phzh/"
2019-08-04,18,"Bildung","ilias_nutzung","Nutzung der Lernplattform ILIAS, durchschnittliche parallele Sessions","ZH","Anzahl","Pädagogische Hochschule Zürich","monatlich","Ja","https://bildungsmonitoringzh.github.io/covid19_edu_phzh/"
2019-08-05,20,"Bildung","ilias_nutzung","Nutzung der Lernplattform ILIAS, durchschnittliche parallele Sessions","ZH","Anzahl","Pädagogische Hochschule Zürich","monatlich","Ja","https://bildungsmonitoringzh.github.io/covid19_edu_phzh/"
2019-08-06,51,"Bildung","ilias_nutzung","Nutzung der Lernplattform ILIAS, durchschnittliche parallele Sessions","ZH","Anzahl","Pädagogische Hochschule Zürich","monatlich","Ja","https://bildungsmonitoringzh.github.io/covid19_edu_phzh/"
2019-08-07,58,"Bildung","ilias_nutzung","Nutzung der Lernplattform ILIAS, durchschnittliche parallele Sessions","ZH","Anzahl","Pädagogische Hochschule Zürich","monatlich","Ja","https://bildungsmonitoringzh.github.io/covid19_edu_phzh/"
2019-08-08,48,"Bildung","ilias_nutzung","Nutzung der Lernplattform ILIAS, durchschnittliche parallele Sessions","ZH","Anzahl","Pädagogische Hochschule Zürich","monatlich","Ja","https://bildungsmonitoringzh.github.io/covid19_edu_phzh/"
2019-08-09,37,"Bildung","ilias_nutzung","Nutzung der Lernplattform ILIAS, durchschnittliche parallele Sessions","ZH","Anzahl","Pädagogische Hochschule Zürich","monatlich","Ja","https://bildungsmonitoringzh.github.io/covid19_edu_phzh/"
2019-08-10,27,"Bildung","ilias_nutzung","Nutzung der Lernplattform ILIAS, durchschnittliche parallele Sessions","ZH","Anzahl","Pädagogische Hochschule Zürich","monatlich","Ja","https://bildungsmonitoringzh.github.io/covid19_edu_phzh/"
2019-08-11,32,"Bildung","ilias_nutzung","Nutzung der Lernplattform ILIAS, durchschnittliche parallele Sessions","ZH","Anzahl","Pädagogische Hochschule Zürich","monatlich","Ja","https://bildungsmonitoringzh.github.io/covid19_edu_phzh/"
2019-08-12,106,"Bildung","ilias_nutzung","Nutzung der Lernplattform ILIAS, durchschnittliche parallele Sessions","ZH","Anzahl","Pädagogische Hochschule Zürich","monatlich","Ja","https://bildungsmonitoringzh.github.io/covid19_edu_phzh/"
2019-08-13,103,"Bildung","ilias_nutzung","Nutzung der Lernplattform ILIAS, durchschnittliche parallele Sessions","ZH","Anzahl","Pädagogische Hochschule Zürich","monatlich","Ja","https://bildungsmonitoringzh.github.io/covid19_edu_phzh/"
2019-08-14,95,"Bildung","ilias_nutzung","Nutzung der Lernplattform ILIAS, durchschnittliche parallele Sessions","ZH","Anzahl","Pädagogische Hochschule Zürich","monatlich","Ja","https://bildungsmonitoringzh.github.io/covid19_edu_phzh/"
2019-08-15,87,"Bildung","ilias_nutzung","Nutzung der Lernplattform ILIAS, durchschnittliche parallele Sessions","ZH","Anzahl","Pädagogische Hochschule Zürich","monatlich","Ja","https://bildungsmonitoringzh.github.io/covid19_edu_phzh/"
2019-08-16,79,"Bildung","ilias_nutzung","Nutzung der Lernplattform ILIAS, durchschnittliche parallele Sessions","ZH","Anzahl","Pädagogische Hochschule Zürich","monatlich","Ja","https://bildungsmonitoringzh.github.io/covid19_edu_phzh/"
2019-08-17,23,"Bildung","ilias_nutzung","Nutzung der Lernplattform ILIAS, durchschnittliche parallele Sessions","ZH","Anzahl","Pädagogische Hochschule Zürich","monatlich","Ja","https://bildungsmonitoringzh.github.io/covid19_edu_phzh/"
2019-08-18,35,"Bildung","ilias_nutzung","Nutzung der Lernplattform ILIAS, durchschnittliche parallele Sessions","ZH","Anzahl","Pädagogische Hochschule Zürich","monatlich","Ja","https://bildungsmonitoringzh.github.io/covid19_edu_phzh/"
2019-08-19,142,"Bildung","ilias_nutzung","Nutzung der Lernplattform ILIAS, durchschnittliche parallele Sessions","ZH","Anzahl","Pädagogische Hochschule Zürich","monatlich","Ja","https://bildungsmonitoringzh.github.io/covid19_edu_phzh/"
2019-08-20,132,"Bildung","ilias_nutzung","Nutzung der Lernplattform ILIAS, durchschnittliche parallele Sessions","ZH","Anzahl","Pädagogische Hochschule Zürich","monatlich","Ja","https://bildungsmonitoringzh.github.io/covid19_edu_phzh/"
2019-08-21,128,"Bildung","ilias_nutzung","Nutzung der Lernplattform ILIAS, durchschnittliche parallele Sessions","ZH","Anzahl","Pädagogische Hochschule Zürich","monatlich","Ja","https://bildungsmonitoringzh.github.io/covid19_edu_phzh/"
2019-08-22,125,"Bildung","ilias_nutzung","Nutzung der Lernplattform ILIAS, durchschnittliche parallele Sessions","ZH","Anzahl","Pädagogische Hochschule Zürich","monatlich","Ja","https://bildungsmonitoringzh.github.io/covid19_edu_phzh/"
2019-08-23,101,"Bildung","ilias_nutzung","Nutzung der Lernplattform ILIAS, durchschnittliche parallele Sessions","ZH","Anzahl","Pädagogische Hochschule Zürich","monatlich","Ja","https://bildungsmonitoringzh.github.io/covid19_edu_phzh/"
2019-08-24,41,"Bildung","ilias_nutzung","Nutzung der Lernplattform ILIAS, durchschnittliche parallele Sessions","ZH","Anzahl","Pädagogische Hochschule Zürich","monatlich","Ja","https://bildungsmonitoringzh.github.io/covid19_edu_phzh/"
2019-08-25,57,"Bildung","ilias_nutzung","Nutzung der Lernplattform ILIAS, durchschnittliche parallele Sessions","ZH","Anzahl","Pädagogische Hochschule Zürich","monatlich","Ja","https://bildungsmonitoringzh.github.io/covid19_edu_phzh/"
2019-08-26,126,"Bildung","ilias_nutzung","Nutzung der Lernplattform ILIAS, durchschnittliche parallele Sessions","ZH","Anzahl","Pädagogische Hochschule Zürich","monatlich","Ja","https://bildungsmonitoringzh.github.io/covid19_edu_phzh/"
2019-08-27,106,"Bildung","ilias_nutzung","Nutzung der Lernplattform ILIAS, durchschnittliche parallele Sessions","ZH","Anzahl","Pädagogische Hochschule Zürich","monatlich","Ja","https://bildungsmonitoringzh.github.io/covid19_edu_phzh/"
2019-08-28,113,"Bildung","ilias_nutzung","Nutzung der Lernplattform ILIAS, durchschnittliche parallele Sessions","ZH","Anzahl","Pädagogische Hochschule Zürich","monatlich","Ja","https://bildungsmonitoringzh.github.io/covid19_edu_phzh/"
2019-08-29,143,"Bildung","ilias_nutzung","Nutzung der Lernplattform ILIAS, durchschnittliche parallele Sessions","ZH","Anzahl","Pädagogische Hochschule Zürich","monatlich","Ja","https://bildungsmonitoringzh.github.io/covid19_edu_phzh/"
2019-08-30,123,"Bildung","ilias_nutzung","Nutzung der Lernplattform ILIAS, durchschnittliche parallele Sessions","ZH","Anzahl","Pädagogische Hochschule Zürich","monatlich","Ja","https://bildungsmonitoringzh.github.io/covid19_edu_phzh/"
2019-08-31,34,"Bildung","ilias_nutzung","Nutzung der Lernplattform ILIAS, durchschnittliche parallele Sessions","ZH","Anzahl","Pädagogische Hochschule Zürich","monatlich","Ja","https://bildungsmonitoringzh.github.io/covid19_edu_phzh/"
2019-09-01,45,"Bildung","ilias_nutzung","Nutzung der Lernplattform ILIAS, durchschnittliche parallele Sessions","ZH","Anzahl","Pädagogische Hochschule Zürich","monatlich","Ja","https://bildungsmonitoringzh.github.io/covid19_edu_phzh/"
2019-09-02,115,"Bildung","ilias_nutzung","Nutzung der Lernplattform ILIAS, durchschnittliche parallele Sessions","ZH","Anzahl","Pädagogische Hochschule Zürich","monatlich","Ja","https://bildungsmonitoringzh.github.io/covid19_edu_phzh/"
2019-09-03,107,"Bildung","ilias_nutzung","Nutzung der Lernplattform ILIAS, durchschnittliche parallele Sessions","ZH","Anzahl","Pädagogische Hochschule Zürich","monatlich","Ja","https://bildungsmonitoringzh.github.io/covid19_edu_phzh/"
2019-09-04,119,"Bildung","ilias_nutzung","Nutzung der Lernplattform ILIAS, durchschnittliche parallele Sessions","ZH","Anzahl","Pädagogische Hochschule Zürich","monatlich","Ja","https://bildungsmonitoringzh.github.io/covid19_edu_phzh/"
2019-09-05,139,"Bildung","ilias_nutzung","Nutzung der Lernplattform ILIAS, durchschnittliche parallele Sessions","ZH","Anzahl","Pädagogische Hochschule Zürich","monatlich","Ja","https://bildungsmonitoringzh.github.io/covid19_edu_phzh/"
2019-09-06,135,"Bildung","ilias_nutzung","Nutzung der Lernplattform ILIAS, durchschnittliche parallele Sessions","ZH","Anzahl","Pädagogische Hochschule Zürich","monatlich","Ja","https://bildungsmonitoringzh.github.io/covid19_edu_phzh/"
2019-09-07,58,"Bildung","ilias_nutzung","Nutzung der Lernplattform ILIAS, durchschnittliche parallele Sessions","ZH","Anzahl","Pädagogische Hochschule Zürich","monatlich","Ja","https://bildungsmonitoringzh.github.io/covid19_edu_phzh/"
2019-09-08,68,"Bildung","ilias_nutzung","Nutzung der Lernplattform ILIAS, durchschnittliche parallele Sessions","ZH","Anzahl","Pädagogische Hochschule Zürich","monatlich","Ja","https://bildungsmonitoringzh.github.io/covid19_edu_phzh/"
2019-09-09,173,"Bildung","ilias_nutzung","Nutzung der Lernplattform ILIAS, durchschnittliche parallele Sessions","ZH","Anzahl","Pädagogische Hochschule Zürich","monatlich","Ja","https://bildungsmonitoringzh.github.io/covid19_edu_phzh/"
2019-09-10,178,"Bildung","ilias_nutzung","Nutzung der Lernplattform ILIAS, durchschnittliche parallele Sessions","ZH","Anzahl","Pädagogische Hochschule Zürich","monatlich","Ja","https://bildungsmonitoringzh.github.io/covid19_edu_phzh/"
2019-09-11,192,"Bildung","ilias_nutzung","Nutzung der Lernplattform ILIAS, durchschnittliche parallele Sessions","ZH","Anzahl","Pädagogische Hochschule Zürich","monatlich","Ja","https://bildungsmonitoringzh.github.io/covid19_edu_phzh/"
2019-09-12,164,"Bildung","ilias_nutzung","Nutzung der Lernplattform ILIAS, durchschnittliche parallele Sessions","ZH","Anzahl","Pädagogische Hochschule Zürich","monatlich","Ja","https://bildungsmonitoringzh.github.io/covid19_edu_phzh/"
2019-09-13,162,"Bildung","ilias_nutzung","Nutzung der Lernplattform ILIAS, durchschnittliche parallele Sessions","ZH","Anzahl","Pädagogische Hochschule Zürich","monatlich","Ja","https://bildungsmonitoringzh.github.io/covid19_edu_phzh/"
2019-09-14,70,"Bildung","ilias_nutzung","Nutzung der Lernplattform ILIAS, durchschnittliche parallele Sessions","ZH","Anzahl","Pädagogische Hochschule Zürich","monatlich","Ja","https://bildungsmonitoringzh.github.io/covid19_edu_phzh/"
2019-09-15,111,"Bildung","ilias_nutzung","Nutzung der Lernplattform ILIAS, durchschnittliche parallele Sessions","ZH","Anzahl","Pädagogische Hochschule Zürich","monatlich","Ja","https://bildungsmonitoringzh.github.io/covid19_edu_phzh/"
2019-09-16,420,"Bildung","ilias_nutzung","Nutzung der Lernplattform ILIAS, durchschnittliche parallele Sessions","ZH","Anzahl","Pädagogische Hochschule Zürich","monatlich","Ja","https://bildungsmonitoringzh.github.io/covid19_edu_phzh/"
2019-09-17,487,"Bildung","ilias_nutzung","Nutzung der Lernplattform ILIAS, durchschnittliche parallele Sessions","ZH","Anzahl","Pädagogische Hochschule Zürich","monatlich","Ja","https://bildungsmonitoringzh.github.io/covid19_edu_phzh/"
2019-09-18,474,"Bildung","ilias_nutzung","Nutzung der Lernplattform ILIAS, durchschnittliche parallele Sessions","ZH","Anzahl","Pädagogische Hochschule Zürich","monatlich","Ja","https://bildungsmonitoringzh.github.io/covid19_edu_phzh/"
2019-09-19,535,"Bildung","ilias_nutzung","Nutzung der Lernplattform ILIAS, durchschnittliche parallele Sessions","ZH","Anzahl","Pädagogische Hochschule Zürich","monatlich","Ja","https://bildungsmonitoringzh.github.io/covid19_edu_phzh/"
2019-09-20,395,"Bildung","ilias_nutzung","Nutzung der Lernplattform ILIAS, durchschnittliche parallele Sessions","ZH","Anzahl","Pädagogische Hochschule Zürich","monatlich","Ja","https://bildungsmonitoringzh.github.io/covid19_edu_phzh/"
2019-09-21,155,"Bildung","ilias_nutzung","Nutzung der Lernplattform ILIAS, durchschnittliche parallele Sessions","ZH","Anzahl","Pädagogische Hochschule Zürich","monatlich","Ja","https://bildungsmonitoringzh.github.io/covid19_edu_phzh/"
2019-09-22,208,"Bildung","ilias_nutzung","Nutzung der Lernplattform ILIAS, durchschnittliche parallele Sessions","ZH","Anzahl","Pädagogische Hochschule Zürich","monatlich","Ja","https://bildungsmonitoringzh.github.io/covid19_edu_phzh/"
2019-09-23,574,"Bildung","ilias_nutzung","Nutzung der Lernplattform ILIAS, durchschnittliche parallele Sessions","ZH","Anzahl","Pädagogische Hochschule Zürich","monatlich","Ja","https://bildungsmonitoringzh.github.io/covid19_edu_phzh/"
2019-09-24,501,"Bildung","ilias_nutzung","Nutzung der Lernplattform ILIAS, durchschnittliche parallele Sessions","ZH","Anzahl","Pädagogische Hochschule Zürich","monatlich","Ja","https://bildungsmonitoringzh.github.io/covid19_edu_phzh/"
2019-09-25,534,"Bildung","ilias_nutzung","Nutzung der Lernplattform ILIAS, durchschnittliche parallele Sessions","ZH","Anzahl","Pädagogische Hochschule Zürich","monatlich","Ja","https://bildungsmonitoringzh.github.io/covid19_edu_phzh/"
2019-09-26,478,"Bildung","ilias_nutzung","Nutzung der Lernplattform ILIAS, durchschnittliche parallele Sessions","ZH","Anzahl","Pädagogische Hochschule Zürich","monatlich","Ja","https://bildungsmonitoringzh.github.io/covid19_edu_phzh/"
2019-09-27,358,"Bildung","ilias_nutzung","Nutzung der Lernplattform ILIAS, durchschnittliche parallele Sessions","ZH","Anzahl","Pädagogische Hochschule Zürich","monatlich","Ja","https://bildungsmonitoringzh.github.io/covid19_edu_phzh/"
2019-09-28,136,"Bildung","ilias_nutzung","Nutzung der Lernplattform ILIAS, durchschnittliche parallele Sessions","ZH","Anzahl","Pädagogische Hochschule Zürich","monatlich","Ja","https://bildungsmonitoringzh.github.io/covid19_edu_phzh/"
2019-09-29,202,"Bildung","ilias_nutzung","Nutzung der Lernplattform ILIAS, durchschnittliche parallele Sessions","ZH","Anzahl","Pädagogische Hochschule Zürich","monatlich","Ja","https://bildungsmonitoringzh.github.io/covid19_edu_phzh/"
2019-09-30,507,"Bildung","ilias_nutzung","Nutzung der Lernplattform ILIAS, durchschnittliche parallele Sessions","ZH","Anzahl","Pädagogische Hochschule Zürich","monatlich","Ja","https://bildungsmonitoringzh.github.io/covid19_edu_phzh/"
2019-10-01,449,"Bildung","ilias_nutzung","Nutzung der Lernplattform ILIAS, durchschnittliche parallele Sessions","ZH","Anzahl","Pädagogische Hochschule Zürich","monatlich","Ja","https://bildungsmonitoringzh.github.io/covid19_edu_phzh/"
2019-10-02,483,"Bildung","ilias_nutzung","Nutzung der Lernplattform ILIAS, durchschnittliche parallele Sessions","ZH","Anzahl","Pädagogische Hochschule Zürich","monatlich","Ja","https://bildungsmonitoringzh.github.io/covid19_edu_phzh/"
2019-10-03,450,"Bildung","ilias_nutzung","Nutzung der Lernplattform ILIAS, durchschnittliche parallele Sessions","ZH","Anzahl","Pädagogische Hochschule Zürich","monatlich","Ja","https://bildungsmonitoringzh.github.io/covid19_edu_phzh/"
2019-10-04,385,"Bildung","ilias_nutzung","Nutzung der Lernplattform ILIAS, durchschnittliche parallele Sessions","ZH","Anzahl","Pädagogische Hochschule Zürich","monatlich","Ja","https://bildungsmonitoringzh.github.io/covid19_edu_phzh/"
2019-10-05,122,"Bildung","ilias_nutzung","Nutzung der Lernplattform ILIAS, durchschnittliche parallele Sessions","ZH","Anzahl","Pädagogische Hochschule Zürich","monatlich","Ja","https://bildungsmonitoringzh.github.io/covid19_edu_phzh/"
2019-10-06,176,"Bildung","ilias_nutzung","Nutzung der Lernplattform ILIAS, durchschnittliche parallele Sessions","ZH","Anzahl","Pädagogische Hochschule Zürich","monatlich","Ja","https://bildungsmonitoringzh.github.io/covid19_edu_phzh/"
2019-10-07,472,"Bildung","ilias_nutzung","Nutzung der Lernplattform ILIAS, durchschnittliche parallele Sessions","ZH","Anzahl","Pädagogische Hochschule Zürich","monatlich","Ja","https://bildungsmonitoringzh.github.io/covid19_edu_phzh/"
2019-10-08,450,"Bildung","ilias_nutzung","Nutzung der Lernplattform ILIAS, durchschnittliche parallele Sessions","ZH","Anzahl","Pädagogische Hochschule Zürich","monatlich","Ja","https://bildungsmonitoringzh.github.io/covid19_edu_phzh/"
2019-10-09,419,"Bildung","ilias_nutzung","Nutzung der Lernplattform ILIAS, durchschnittliche parallele Sessions","ZH","Anzahl","Pädagogische Hochschule Zürich","monatlich","Ja","https://bildungsmonitoringzh.github.io/covid19_edu_phzh/"
2019-10-10,429,"Bildung","ilias_nutzung","Nutzung der Lernplattform ILIAS, durchschnittliche parallele Sessions","ZH","Anzahl","Pädagogische Hochschule Zürich","monatlich","Ja","https://bildungsmonitoringzh.github.io/covid19_edu_phzh/"
2019-10-11,325,"Bildung","ilias_nutzung","Nutzung der Lernplattform ILIAS, durchschnittliche parallele Sessions","ZH","Anzahl","Pädagogische Hochschule Zürich","monatlich","Ja","https://bildungsmonitoringzh.github.io/covid19_edu_phzh/"
2019-10-12,109,"Bildung","ilias_nutzung","Nutzung der Lernplattform ILIAS, durchschnittliche parallele Sessions","ZH","Anzahl","Pädagogische Hochschule Zürich","monatlich","Ja","https://bildungsmonitoringzh.github.io/covid19_edu_phzh/"
2019-10-13,173,"Bildung","ilias_nutzung","Nutzung der Lernplattform ILIAS, durchschnittliche parallele Sessions","ZH","Anzahl","Pädagogische Hochschule Zürich","monatlich","Ja","https://bildungsmonitoringzh.github.io/covid19_edu_phzh/"
2019-10-14,477,"Bildung","ilias_nutzung","Nutzung der Lernplattform ILIAS, durchschnittliche parallele Sessions","ZH","Anzahl","Pädagogische Hochschule Zürich","monatlich","Ja","https://bildungsmonitoringzh.github.io/covid19_edu_phzh/"
2019-10-15,506,"Bildung","ilias_nutzung","Nutzung der Lernplattform ILIAS, durchschnittliche parallele Sessions","ZH","Anzahl","Pädagogische Hochschule Zürich","monatlich","Ja","https://bildungsmonitoringzh.github.io/covid19_edu_phzh/"
2019-10-16,436,"Bildung","ilias_nutzung","Nutzung der Lernplattform ILIAS, durchschnittliche parallele Sessions","ZH","Anzahl","Pädagogische Hochschule Zürich","monatlich","Ja","https://bildungsmonitoringzh.github.io/covid19_edu_phzh/"
2019-10-17,471,"Bildung","ilias_nutzung","Nutzung der Lernplattform ILIAS, durchschnittliche parallele Sessions","ZH","Anzahl","Pädagogische Hochschule Zürich","monatlich","Ja","https://bildungsmonitoringzh.github.io/covid19_edu_phzh/"
2019-10-18,386,"Bildung","ilias_nutzung","Nutzung der Lernplattform ILIAS, durchschnittliche parallele Sessions","ZH","Anzahl","Pädagogische Hochschule Zürich","monatlich","Ja","https://bildungsmonitoringzh.github.io/covid19_edu_phzh/"
2019-10-19,134,"Bildung","ilias_nutzung","Nutzung der Lernplattform ILIAS, durchschnittliche parallele Sessions","ZH","Anzahl","Pädagogische Hochschule Zürich","monatlich","Ja","https://bildungsmonitoringzh.github.io/covid19_edu_phzh/"
2019-10-20,195,"Bildung","ilias_nutzung","Nutzung der Lernplattform ILIAS, durchschnittliche parallele Sessions","ZH","Anzahl","Pädagogische Hochschule Zürich","monatlich","Ja","https://bildungsmonitoringzh.github.io/covid19_edu_phzh/"
2019-10-21,514,"Bildung","ilias_nutzung","Nutzung der Lernplattform ILIAS, durchschnittliche parallele Sessions","ZH","Anzahl","Pädagogische Hochschule Zürich","monatlich","Ja","https://bildungsmonitoringzh.github.io/covid19_edu_phzh/"
2019-10-22,440,"Bildung","ilias_nutzung","Nutzung der Lernplattform ILIAS, durchschnittliche parallele Sessions","ZH","Anzahl","Pädagogische Hochschule Zürich","monatlich","Ja","https://bildungsmonitoringzh.github.io/covid19_edu_phzh/"
2019-10-23,427,"Bildung","ilias_nutzung","Nutzung der Lernplattform ILIAS, durchschnittliche parallele Sessions","ZH","Anzahl","Pädagogische Hochschule Zürich","monatlich","Ja","https://bildungsmonitoringzh.github.io/covid19_edu_phzh/"
2019-10-24,424,"Bildung","ilias_nutzung","Nutzung der Lernplattform ILIAS, durchschnittliche parallele Sessions","ZH","Anzahl","Pädagogische Hochschule Zürich","monatlich","Ja","https://bildungsmonitoringzh.github.io/covid19_edu_phzh/"
2019-10-25,356,"Bildung","ilias_nutzung","Nutzung der Lernplattform ILIAS, durchschnittliche parallele Sessions","ZH","Anzahl","Pädagogische Hochschule Zürich","monatlich","Ja","https://bildungsmonitoringzh.github.io/covid19_edu_phzh/"
2019-10-26,116,"Bildung","ilias_nutzung","Nutzung der Lernplattform ILIAS, durchschnittliche parallele Sessions","ZH","Anzahl","Pädagogische Hochschule Zürich","monatlich","Ja","https://bildungsmonitoringzh.github.io/covid19_edu_phzh/"
2019-10-27,186,"Bildung","ilias_nutzung","Nutzung der Lernplattform ILIAS, durchschnittliche parallele Sessions","ZH","Anzahl","Pädagogische Hochschule Zürich","monatlich","Ja","https://bildungsmonitoringzh.github.io/covid19_edu_phzh/"
2019-10-28,470,"Bildung","ilias_nutzung","Nutzung der Lernplattform ILIAS, durchschnittliche parallele Sessions","ZH","Anzahl","Pädagogische Hochschule Zürich","monatlich","Ja","https://bildungsmonitoringzh.github.io/covid19_edu_phzh/"
2019-10-29,432,"Bildung","ilias_nutzung","Nutzung der Lernplattform ILIAS, durchschnittliche parallele Sessions","ZH","Anzahl","Pädagogische Hochschule Zürich","monatlich","Ja","https://bildungsmonitoringzh.github.io/covid19_edu_phzh/"
2019-10-30,400,"Bildung","ilias_nutzung","Nutzung der Lernplattform ILIAS, durchschnittliche parallele Sessions","ZH","Anzahl","Pädagogische Hochschule Zürich","monatlich","Ja","https://bildungsmonitoringzh.github.io/covid19_edu_phzh/"
2019-10-31,380,"Bildung","ilias_nutzung","Nutzung der Lernplattform ILIAS, durchschnittliche parallele Sessions","ZH","Anzahl","Pädagogische Hochschule Zürich","monatlich","Ja","https://bildungsmonitoringzh.github.io/covid19_edu_phzh/"
2019-11-01,337,"Bildung","ilias_nutzung","Nutzung der Lernplattform ILIAS, durchschnittliche parallele Sessions","ZH","Anzahl","Pädagogische Hochschule Zürich","monatlich","Ja","https://bildungsmonitoringzh.github.io/covid19_edu_phzh/"
2019-11-02,126,"Bildung","ilias_nutzung","Nutzung der Lernplattform ILIAS, durchschnittliche parallele Sessions","ZH","Anzahl","Pädagogische Hochschule Zürich","monatlich","Ja","https://bildungsmonitoringzh.github.io/covid19_edu_phzh/"
2019-11-03,176,"Bildung","ilias_nutzung","Nutzung der Lernplattform ILIAS, durchschnittliche parallele Sessions","ZH","Anzahl","Pädagogische Hochschule Zürich","monatlich","Ja","https://bildungsmonitoringzh.github.io/covid19_edu_phzh/"
2019-11-04,461,"Bildung","ilias_nutzung","Nutzung der Lernplattform ILIAS, durchschnittliche parallele Sessions","ZH","Anzahl","Pädagogische Hochschule Zürich","monatlich","Ja","https://bildungsmonitoringzh.github.io/covid19_edu_phzh/"
2019-11-05,443,"Bildung","ilias_nutzung","Nutzung der Lernplattform ILIAS, durchschnittliche parallele Sessions","ZH","Anzahl","Pädagogische Hochschule Zürich","monatlich","Ja","https://bildungsmonitoringzh.github.io/covid19_edu_phzh/"
2019-11-06,423,"Bildung","ilias_nutzung","Nutzung der Lernplattform ILIAS, durchschnittliche parallele Sessions","ZH","Anzahl","Pädagogische Hochschule Zürich","monatlich","Ja","https://bildungsmonitoringzh.github.io/covid19_edu_phzh/"
2019-11-07,411,"Bildung","ilias_nutzung","Nutzung der Lernplattform ILIAS, durchschnittliche parallele Sessions","ZH","Anzahl","Pädagogische Hochschule Zürich","monatlich","Ja","https://bildungsmonitoringzh.github.io/covid19_edu_phzh/"
2019-11-08,324,"Bildung","ilias_nutzung","Nutzung der Lernplattform ILIAS, durchschnittliche parallele Sessions","ZH","Anzahl","Pädagogische Hochschule Zürich","monatlich","Ja","https://bildungsmonitoringzh.github.io/covid19_edu_phzh/"
2019-11-09,119,"Bildung","ilias_nutzung","Nutzung der Lernplattform ILIAS, durchschnittliche parallele Sessions","ZH","Anzahl","Pädagogische Hochschule Zürich","monatlich","Ja","https://bildungsmonitoringzh.github.io/covid19_edu_phzh/"
2019-11-10,172,"Bildung","ilias_nutzung","Nutzung der Lernplattform ILIAS, durchschnittliche parallele Sessions","ZH","Anzahl","Pädagogische Hochschule Zürich","monatlich","Ja","https://bildungsmonitoringzh.github.io/covid19_edu_phzh/"
2019-11-11,435,"Bildung","ilias_nutzung","Nutzung der Lernplattform ILIAS, durchschnittliche parallele Sessions","ZH","Anzahl","Pädagogische Hochschule Zürich","monatlich","Ja","https://bildungsmonitoringzh.github.io/covid19_edu_phzh/"
2019-11-12,456,"Bildung","ilias_nutzung","Nutzung der Lernplattform ILIAS, durchschnittliche parallele Sessions","ZH","Anzahl","Pädagogische Hochschule Zürich","monatlich","Ja","https://bildungsmonitoringzh.github.io/covid19_edu_phzh/"
2019-11-13,372,"Bildung","ilias_nutzung","Nutzung der Lernplattform ILIAS, durchschnittliche parallele Sessions","ZH","Anzahl","Pädagogische Hochschule Zürich","monatlich","Ja","https://bildungsmonitoringzh.github.io/covid19_edu_phzh/"
2019-11-14,401,"Bildung","ilias_nutzung","Nutzung der Lernplattform ILIAS, durchschnittliche parallele Sessions","ZH","Anzahl","Pädagogische Hochschule Zürich","monatlich","Ja","https://bildungsmonitoringzh.github.io/covid19_edu_phzh/"
2019-11-15,314,"Bildung","ilias_nutzung","Nutzung der Lernplattform ILIAS, durchschnittliche parallele Sessions","ZH","Anzahl","Pädagogische Hochschule Zürich","monatlich","Ja","https://bildungsmonitoringzh.github.io/covid19_edu_phzh/"
2019-11-16,119,"Bildung","ilias_nutzung","Nutzung der Lernplattform ILIAS, durchschnittliche parallele Sessions","ZH","Anzahl","Pädagogische Hochschule Zürich","monatlich","Ja","https://bildungsmonitoringzh.github.io/covid19_edu_phzh/"
2019-11-17,174,"Bildung","ilias_nutzung","Nutzung der Lernplattform ILIAS, durchschnittliche parallele Sessions","ZH","Anzahl","Pädagogische Hochschule Zürich","monatlich","Ja","https://bildungsmonitoringzh.github.io/covid19_edu_phzh/"
2019-11-18,432,"Bildung","ilias_nutzung","Nutzung der Lernplattform ILIAS, durchschnittliche parallele Sessions","ZH","Anzahl","Pädagogische Hochschule Zürich","monatlich","Ja","https://bildungsmonitoringzh.github.io/covid19_edu_phzh/"
2019-11-19,400,"Bildung","ilias_nutzung","Nutzung der Lernplattform ILIAS, durchschnittliche parallele Sessions","ZH","Anzahl","Pädagogische Hochschule Zürich","monatlich","Ja","https://bildungsmonitoringzh.github.io/covid19_edu_phzh/"
2019-11-20,376,"Bildung","ilias_nutzung","Nutzung der Lernplattform ILIAS, durchschnittliche parallele Sessions","ZH","Anzahl","Pädagogische Hochschule Zürich","monatlich","Ja","https://bildungsmonitoringzh.github.io/covid19_edu_phzh/"
2019-11-21,385,"Bildung","ilias_nutzung","Nutzung der Lernplattform ILIAS, durchschnittliche parallele Sessions","ZH","Anzahl","Pädagogische Hochschule Zürich","monatlich","Ja","https://bildungsmonitoringzh.github.io/covid19_edu_phzh/"
2019-11-22,288,"Bildung","ilias_nutzung","Nutzung der Lernplattform ILIAS, durchschnittliche parallele Sessions","ZH","Anzahl","Pädagogische Hochschule Zürich","monatlich","Ja","https://bildungsmonitoringzh.github.io/covid19_edu_phzh/"
2019-11-23,103,"Bildung","ilias_nutzung","Nutzung der Lernplattform ILIAS, durchschnittliche parallele Sessions","ZH","Anzahl","Pädagogische Hochschule Zürich","monatlich","Ja","https://bildungsmonitoringzh.github.io/covid19_edu_phzh/"
2019-11-24,181,"Bildung","ilias_nutzung","Nutzung der Lernplattform ILIAS, durchschnittliche parallele Sessions","ZH","Anzahl","Pädagogische Hochschule Zürich","monatlich","Ja","https://bildungsmonitoringzh.github.io/covid19_edu_phzh/"
2019-11-25,448,"Bildung","ilias_nutzung","Nutzung der Lernplattform ILIAS, durchschnittliche parallele Sessions","ZH","Anzahl","Pädagogische Hochschule Zürich","monatlich","Ja","https://bildungsmonitoringzh.github.io/covid19_edu_phzh/"
2019-11-26,390,"Bildung","ilias_nutzung","Nutzung der Lernplattform ILIAS, durchschnittliche parallele Sessions","ZH","Anzahl","Pädagogische Hochschule Zürich","monatlich","Ja","https://bildungsmonitoringzh.github.io/covid19_edu_phzh/"
2019-11-27,386,"Bildung","ilias_nutzung","Nutzung der Lernplattform ILIAS, durchschnittliche parallele Sessions","ZH","Anzahl","Pädagogische Hochschule Zürich","monatlich","Ja","https://bildungsmonitoringzh.github.io/covid19_edu_phzh/"
2019-11-28,370,"Bildung","ilias_nutzung","Nutzung der Lernplattform ILIAS, durchschnittliche parallele Sessions","ZH","Anzahl","Pädagogische Hochschule Zürich","monatlich","Ja","https://bildungsmonitoringzh.github.io/covid19_edu_phzh/"
2019-11-29,277,"Bildung","ilias_nutzung","Nutzung der Lernplattform ILIAS, durchschnittliche parallele Sessions","ZH","Anzahl","Pädagogische Hochschule Zürich","monatlich","Ja","https://bildungsmonitoringzh.github.io/covid19_edu_phzh/"
2019-11-30,121,"Bildung","ilias_nutzung","Nutzung der Lernplattform ILIAS, durchschnittliche parallele Sessions","ZH","Anzahl","Pädagogische Hochschule Zürich","monatlich","Ja","https://bildungsmonitoringzh.github.io/covid19_edu_phzh/"
2019-12-01,163,"Bildung","ilias_nutzung","Nutzung der Lernplattform ILIAS, durchschnittliche parallele Sessions","ZH","Anzahl","Pädagogische Hochschule Zürich","monatlich","Ja","https://bildungsmonitoringzh.github.io/covid19_edu_phzh/"
2019-12-02,391,"Bildung","ilias_nutzung","Nutzung der Lernplattform ILIAS, durchschnittliche parallele Sessions","ZH","Anzahl","Pädagogische Hochschule Zürich","monatlich","Ja","https://bildungsmonitoringzh.github.io/covid19_edu_phzh/"
2019-12-03,372,"Bildung","ilias_nutzung","Nutzung der Lernplattform ILIAS, durchschnittliche parallele Sessions","ZH","Anzahl","Pädagogische Hochschule Zürich","monatlich","Ja","https://bildungsmonitoringzh.github.io/covid19_edu_phzh/"
2019-12-04,363,"Bildung","ilias_nutzung","Nutzung der Lernplattform ILIAS, durchschnittliche parallele Sessions","ZH","Anzahl","Pädagogische Hochschule Zürich","monatlich","Ja","https://bildungsmonitoringzh.github.io/covid19_edu_phzh/"
2019-12-05,383,"Bildung","ilias_nutzung","Nutzung der Lernplattform ILIAS, durchschnittliche parallele Sessions","ZH","Anzahl","Pädagogische Hochschule Zürich","monatlich","Ja","https://bildungsmonitoringzh.github.io/covid19_edu_phzh/"
2019-12-06,290,"Bildung","ilias_nutzung","Nutzung der Lernplattform ILIAS, durchschnittliche parallele Sessions","ZH","Anzahl","Pädagogische Hochschule Zürich","monatlich","Ja","https://bildungsmonitoringzh.github.io/covid19_edu_phzh/"
2019-12-07,112,"Bildung","ilias_nutzung","Nutzung der Lernplattform ILIAS, durchschnittliche parallele Sessions","ZH","Anzahl","Pädagogische Hochschule Zürich","monatlich","Ja","https://bildungsmonitoringzh.github.io/covid19_edu_phzh/"
2019-12-08,177,"Bildung","ilias_nutzung","Nutzung der Lernplattform ILIAS, durchschnittliche parallele Sessions","ZH","Anzahl","Pädagogische Hochschule Zürich","monatlich","Ja","https://bildungsmonitoringzh.github.io/covid19_edu_phzh/"
2019-12-09,401,"Bildung","ilias_nutzung","Nutzung der Lernplattform ILIAS, durchschnittliche parallele Sessions","ZH","Anzahl","Pädagogische Hochschule Zürich","monatlich","Ja","https://bildungsmonitoringzh.github.io/covid19_edu_phzh/"
2019-12-10,358,"Bildung","ilias_nutzung","Nutzung der Lernplattform ILIAS, durchschnittliche parallele Sessions","ZH","Anzahl","Pädagogische Hochschule Zürich","monatlich","Ja","https://bildungsmonitoringzh.github.io/covid19_edu_phzh/"
2019-12-11,368,"Bildung","ilias_nutzung","Nutzung der Lernplattform ILIAS, durchschnittliche parallele Sessions","ZH","Anzahl","Pädagogische Hochschule Zürich","monatlich","Ja","https://bildungsmonitoringzh.github.io/covid19_edu_phzh/"
2019-12-12,376,"Bildung","ilias_nutzung","Nutzung der Lernplattform ILIAS, durchschnittliche parallele Sessions","ZH","Anzahl","Pädagogische Hochschule Zürich","monatlich","Ja","https://bildungsmonitoringzh.github.io/covid19_edu_phzh/"
2019-12-13,330,"Bildung","ilias_nutzung","Nutzung der Lernplattform ILIAS, durchschnittliche parallele Sessions","ZH","Anzahl","Pädagogische Hochschule Zürich","monatlich","Ja","https://bildungsmonitoringzh.github.io/covid19_edu_phzh/"
2019-12-14,128,"Bildung","ilias_nutzung","Nutzung der Lernplattform ILIAS, durchschnittliche parallele Sessions","ZH","Anzahl","Pädagogische Hochschule Zürich","monatlich","Ja","https://bildungsmonitoringzh.github.io/covid19_edu_phzh/"
2019-12-15,174,"Bildung","ilias_nutzung","Nutzung der Lernplattform ILIAS, durchschnittliche parallele Sessions","ZH","Anzahl","Pädagogische Hochschule Zürich","monatlich","Ja","https://bildungsmonitoringzh.github.io/covid19_edu_phzh/"
2019-12-16,373,"Bildung","ilias_nutzung","Nutzung der Lernplattform ILIAS, durchschnittliche parallele Sessions","ZH","Anzahl","Pädagogische Hochschule Zürich","monatlich","Ja","https://bildungsmonitoringzh.github.io/covid19_edu_phzh/"
2019-12-17,412,"Bildung","ilias_nutzung","Nutzung der Lernplattform ILIAS, durchschnittliche parallele Sessions","ZH","Anzahl","Pädagogische Hochschule Zürich","monatlich","Ja","https://bildungsmonitoringzh.github.io/covid19_edu_phzh/"
2019-12-18,281,"Bildung","ilias_nutzung","Nutzung der Lernplattform ILIAS, durchschnittliche parallele Sessions","ZH","Anzahl","Pädagogische Hochschule Zürich","monatlich","Ja","https://bildungsmonitoringzh.github.io/covid19_edu_phzh/"
2019-12-19,281,"Bildung","ilias_nutzung","Nutzung der Lernplattform ILIAS, durchschnittliche parallele Sessions","ZH","Anzahl","Pädagogische Hochschule Zürich","monatlich","Ja","https://bildungsmonitoringzh.github.io/covid19_edu_phzh/"
2019-12-20,211,"Bildung","ilias_nutzung","Nutzung der Lernplattform ILIAS, durchschnittliche parallele Sessions","ZH","Anzahl","Pädagogische Hochschule Zürich","monatlich","Ja","https://bildungsmonitoringzh.github.io/covid19_edu_phzh/"
2019-12-21,44,"Bildung","ilias_nutzung","Nutzung der Lernplattform ILIAS, durchschnittliche parallele Sessions","ZH","Anzahl","Pädagogische Hochschule Zürich","monatlich","Ja","https://bildungsmonitoringzh.github.io/covid19_edu_phzh/"
2019-12-22,50,"Bildung","ilias_nutzung","Nutzung der Lernplattform ILIAS, durchschnittliche parallele Sessions","ZH","Anzahl","Pädagogische Hochschule Zürich","monatlich","Ja","https://bildungsmonitoringzh.github.io/covid19_edu_phzh/"
2019-12-23,76,"Bildung","ilias_nutzung","Nutzung der Lernplattform ILIAS, durchschnittliche parallele Sessions","ZH","Anzahl","Pädagogische Hochschule Zürich","monatlich","Ja","https://bildungsmonitoringzh.github.io/covid19_edu_phzh/"
2019-12-24,29,"Bildung","ilias_nutzung","Nutzung der Lernplattform ILIAS, durchschnittliche parallele Sessions","ZH","Anzahl","Pädagogische Hochschule Zürich","monatlich","Ja","https://bildungsmonitoringzh.github.io/covid19_edu_phzh/"
2019-12-25,26,"Bildung","ilias_nutzung","Nutzung der Lernplattform ILIAS, durchschnittliche parallele Sessions","ZH","Anzahl","Pädagogische Hochschule Zürich","monatlich","Ja","https://bildungsmonitoringzh.github.io/covid19_edu_phzh/"
2019-12-26,49,"Bildung","ilias_nutzung","Nutzung der Lernplattform ILIAS, durchschnittliche parallele Sessions","ZH","Anzahl","Pädagogische Hochschule Zürich","monatlich","Ja","https://bildungsmonitoringzh.github.io/covid19_edu_phzh/"
2019-12-27,70,"Bildung","ilias_nutzung","Nutzung der Lernplattform ILIAS, durchschnittliche parallele Sessions","ZH","Anzahl","Pädagogische Hochschule Zürich","monatlich","Ja","https://bildungsmonitoringzh.github.io/covid19_edu_phzh/"
2019-12-28,56,"Bildung","ilias_nutzung","Nutzung der Lernplattform ILIAS, durchschnittliche parallele Sessions","ZH","Anzahl","Pädagogische Hochschule Zürich","monatlich","Ja","https://bildungsmonitoringzh.github.io/covid19_edu_phzh/"
2019-12-29,59,"Bildung","ilias_nutzung","Nutzung der Lernplattform ILIAS, durchschnittliche parallele Sessions","ZH","Anzahl","Pädagogische Hochschule Zürich","monatlich","Ja","https://bildungsmonitoringzh.github.io/covid19_edu_phzh/"
2019-12-30,70,"Bildung","ilias_nutzung","Nutzung der Lernplattform ILIAS, durchschnittliche parallele Sessions","ZH","Anzahl","Pädagogische Hochschule Zürich","monatlich","Ja","https://bildungsmonitoringzh.github.io/covid19_edu_phzh/"
2019-12-31,45,"Bildung","ilias_nutzung","Nutzung der Lernplattform ILIAS, durchschnittliche parallele Sessions","ZH","Anzahl","Pädagogische Hochschule Zürich","monatlich","Ja","https://bildungsmonitoringzh.github.io/covid19_edu_phzh/"
2020-01-01,42,"Bildung","ilias_nutzung","Nutzung der Lernplattform ILIAS, durchschnittliche parallele Sessions","ZH","Anzahl","Pädagogische Hochschule Zürich","monatlich","Ja","https://bildungsmonitoringzh.github.io/covid19_edu_phzh/"
2020-01-02,94,"Bildung","ilias_nutzung","Nutzung der Lernplattform ILIAS, durchschnittliche parallele Sessions","ZH","Anzahl","Pädagogische Hochschule Zürich","monatlich","Ja","https://bildungsmonitoringzh.github.io/covid19_edu_phzh/"
2020-01-03,104,"Bildung","ilias_nutzung","Nutzung der Lernplattform ILIAS, durchschnittliche parallele Sessions","ZH","Anzahl","Pädagogische Hochschule Zürich","monatlich","Ja","https://bildungsmonitoringzh.github.io/covid19_edu_phzh/"
2020-01-04,101,"Bildung","ilias_nutzung","Nutzung der Lernplattform ILIAS, durchschnittliche parallele Sessions","ZH","Anzahl","Pädagogische Hochschule Zürich","monatlich","Ja","https://bildungsmonitoringzh.github.io/covid19_edu_phzh/"
2020-01-05,114,"Bildung","ilias_nutzung","Nutzung der Lernplattform ILIAS, durchschnittliche parallele Sessions","ZH","Anzahl","Pädagogische Hochschule Zürich","monatlich","Ja","https://bildungsmonitoringzh.github.io/covid19_edu_phzh/"
2020-01-06,207,"Bildung","ilias_nutzung","Nutzung der Lernplattform ILIAS, durchschnittliche parallele Sessions","ZH","Anzahl","Pädagogische Hochschule Zürich","monatlich","Ja","https://bildungsmonitoringzh.github.io/covid19_edu_phzh/"
2020-01-07,182,"Bildung","ilias_nutzung","Nutzung der Lernplattform ILIAS, durchschnittliche parallele Sessions","ZH","Anzahl","Pädagogische Hochschule Zürich","monatlich","Ja","https://bildungsmonitoringzh.github.io/covid19_edu_phzh/"
2020-01-08,160,"Bildung","ilias_nutzung","Nutzung der Lernplattform ILIAS, durchschnittliche parallele Sessions","ZH","Anzahl","Pädagogische Hochschule Zürich","monatlich","Ja","https://bildungsmonitoringzh.github.io/covid19_edu_phzh/"
2020-01-09,166,"Bildung","ilias_nutzung","Nutzung der Lernplattform ILIAS, durchschnittliche parallele Sessions","ZH","Anzahl","Pädagogische Hochschule Zürich","monatlich","Ja","https://bildungsmonitoringzh.github.io/covid19_edu_phzh/"
2020-01-10,139,"Bildung","ilias_nutzung","Nutzung der Lernplattform ILIAS, durchschnittliche parallele Sessions","ZH","Anzahl","Pädagogische Hochschule Zürich","monatlich","Ja","https://bildungsmonitoringzh.github.io/covid19_edu_phzh/"
2020-01-11,98,"Bildung","ilias_nutzung","Nutzung der Lernplattform ILIAS, durchschnittliche parallele Sessions","ZH","Anzahl","Pädagogische Hochschule Zürich","monatlich","Ja","https://bildungsmonitoringzh.github.io/covid19_edu_phzh/"
2020-01-12,92,"Bildung","ilias_nutzung","Nutzung der Lernplattform ILIAS, durchschnittliche parallele Sessions","ZH","Anzahl","Pädagogische Hochschule Zürich","monatlich","Ja","https://bildungsmonitoringzh.github.io/covid19_edu_phzh/"
2020-01-13,193,"Bildung","ilias_nutzung","Nutzung der Lernplattform ILIAS, durchschnittliche parallele Sessions","ZH","Anzahl","Pädagogische Hochschule Zürich","monatlich","Ja","https://bildungsmonitoringzh.github.io/covid19_edu_phzh/"
2020-01-14,162,"Bildung","ilias_nutzung","Nutzung der Lernplattform ILIAS, durchschnittliche parallele Sessions","ZH","Anzahl","Pädagogische Hochschule Zürich","monatlich","Ja","https://bildungsmonitoringzh.github.io/covid19_edu_phzh/"
2020-01-15,149,"Bildung","ilias_nutzung","Nutzung der Lernplattform ILIAS, durchschnittliche parallele Sessions","ZH","Anzahl","Pädagogische Hochschule Zürich","monatlich","Ja","https://bildungsmonitoringzh.github.io/covid19_edu_phzh/"
2020-01-16,148,"Bildung","ilias_nutzung","Nutzung der Lernplattform ILIAS, durchschnittliche parallele Sessions","ZH","Anzahl","Pädagogische Hochschule Zürich","monatlich","Ja","https://bildungsmonitoringzh.github.io/covid19_edu_phzh/"
2020-01-17,151,"Bildung","ilias_nutzung","Nutzung der Lernplattform ILIAS, durchschnittliche parallele Sessions","ZH","Anzahl","Pädagogische Hochschule Zürich","monatlich","Ja","https://bildungsmonitoringzh.github.io/covid19_edu_phzh/"
2020-01-18,92,"Bildung","ilias_nutzung","Nutzung der Lernplattform ILIAS, durchschnittliche parallele Sessions","ZH","Anzahl","Pädagogische Hochschule Zürich","monatlich","Ja","https://bildungsmonitoringzh.github.io/covid19_edu_phzh/"
2020-01-19,92,"Bildung","ilias_nutzung","Nutzung der Lernplattform ILIAS, durchschnittliche parallele Sessions","ZH","Anzahl","Pädagogische Hochschule Zürich","monatlich","Ja","https://bildungsmonitoringzh.github.io/covid19_edu_phzh/"
2020-01-20,220,"Bildung","ilias_nutzung","Nutzung der Lernplattform ILIAS, durchschnittliche parallele Sessions","ZH","Anzahl","Pädagogische Hochschule Zürich","monatlich","Ja","https://bildungsmonitoringzh.github.io/covid19_edu_phzh/"
2020-01-21,205,"Bildung","ilias_nutzung","Nutzung der Lernplattform ILIAS, durchschnittliche parallele Sessions","ZH","Anzahl","Pädagogische Hochschule Zürich","monatlich","Ja","https://bildungsmonitoringzh.github.io/covid19_edu_phzh/"
2020-01-22,172,"Bildung","ilias_nutzung","Nutzung der Lernplattform ILIAS, durchschnittliche parallele Sessions","ZH","Anzahl","Pädagogische Hochschule Zürich","monatlich","Ja","https://bildungsmonitoringzh.github.io/covid19_edu_phzh/"
2020-01-23,196,"Bildung","ilias_nutzung","Nutzung der Lernplattform ILIAS, durchschnittliche parallele Sessions","ZH","Anzahl","Pädagogische Hochschule Zürich","monatlich","Ja","https://bildungsmonitoringzh.github.io/covid19_edu_phzh/"
2020-01-24,187,"Bildung","ilias_nutzung","Nutzung der Lernplattform ILIAS, durchschnittliche parallele Sessions","ZH","Anzahl","Pädagogische Hochschule Zürich","monatlich","Ja","https://bildungsmonitoringzh.github.io/covid19_edu_phzh/"
2020-01-25,85,"Bildung","ilias_nutzung","Nutzung der Lernplattform ILIAS, durchschnittliche parallele Sessions","ZH","Anzahl","Pädagogische Hochschule Zürich","monatlich","Ja","https://bildungsmonitoringzh.github.io/covid19_edu_phzh/"
2020-01-26,93,"Bildung","ilias_nutzung","Nutzung der Lernplattform ILIAS, durchschnittliche parallele Sessions","ZH","Anzahl","Pädagogische Hochschule Zürich","monatlich","Ja","https://bildungsmonitoringzh.github.io/covid19_edu_phzh/"
2020-01-27,191,"Bildung","ilias_nutzung","Nutzung der Lernplattform ILIAS, durchschnittliche parallele Sessions","ZH","Anzahl","Pädagogische Hochschule Zürich","monatlich","Ja","https://bildungsmonitoringzh.github.io/covid19_edu_phzh/"
2020-01-28,188,"Bildung","ilias_nutzung","Nutzung der Lernplattform ILIAS, durchschnittliche parallele Sessions","ZH","Anzahl","Pädagogische Hochschule Zürich","monatlich","Ja","https://bildungsmonitoringzh.github.io/covid19_edu_phzh/"
2020-01-29,174,"Bildung","ilias_nutzung","Nutzung der Lernplattform ILIAS, durchschnittliche parallele Sessions","ZH","Anzahl","Pädagogische Hochschule Zürich","monatlich","Ja","https://bildungsmonitoringzh.github.io/covid19_edu_phzh/"
2020-01-30,170,"Bildung","ilias_nutzung","Nutzung der Lernplattform ILIAS, durchschnittliche parallele Sessions","ZH","Anzahl","Pädagogische Hochschule Zürich","monatlich","Ja","https://bildungsmonitoringzh.github.io/covid19_edu_phzh/"
2020-01-31,169,"Bildung","ilias_nutzung","Nutzung der Lernplattform ILIAS, durchschnittliche parallele Sessions","ZH","Anzahl","Pädagogische Hochschule Zürich","monatlich","Ja","https://bildungsmonitoringzh.github.io/covid19_edu_phzh/"
2020-02-01,83,"Bildung","ilias_nutzung","Nutzung der Lernplattform ILIAS, durchschnittliche parallele Sessions","ZH","Anzahl","Pädagogische Hochschule Zürich","monatlich","Ja","https://bildungsmonitoringzh.github.io/covid19_edu_phzh/"
2020-02-02,96,"Bildung","ilias_nutzung","Nutzung der Lernplattform ILIAS, durchschnittliche parallele Sessions","ZH","Anzahl","Pädagogische Hochschule Zürich","monatlich","Ja","https://bildungsmonitoringzh.github.io/covid19_edu_phzh/"
2020-02-03,210,"Bildung","ilias_nutzung","Nutzung der Lernplattform ILIAS, durchschnittliche parallele Sessions","ZH","Anzahl","Pädagogische Hochschule Zürich","monatlich","Ja","https://bildungsmonitoringzh.github.io/covid19_edu_phzh/"
2020-02-04,166,"Bildung","ilias_nutzung","Nutzung der Lernplattform ILIAS, durchschnittliche parallele Sessions","ZH","Anzahl","Pädagogische Hochschule Zürich","monatlich","Ja","https://bildungsmonitoringzh.github.io/covid19_edu_phzh/"
2020-02-05,154,"Bildung","ilias_nutzung","Nutzung der Lernplattform ILIAS, durchschnittliche parallele Sessions","ZH","Anzahl","Pädagogische Hochschule Zürich","monatlich","Ja","https://bildungsmonitoringzh.github.io/covid19_edu_phzh/"
2020-02-06,136,"Bildung","ilias_nutzung","Nutzung der Lernplattform ILIAS, durchschnittliche parallele Sessions","ZH","Anzahl","Pädagogische Hochschule Zürich","monatlich","Ja","https://bildungsmonitoringzh.github.io/covid19_edu_phzh/"
2020-02-07,106,"Bildung","ilias_nutzung","Nutzung der Lernplattform ILIAS, durchschnittliche parallele Sessions","ZH","Anzahl","Pädagogische Hochschule Zürich","monatlich","Ja","https://bildungsmonitoringzh.github.io/covid19_edu_phzh/"
2020-02-08,42,"Bildung","ilias_nutzung","Nutzung der Lernplattform ILIAS, durchschnittliche parallele Sessions","ZH","Anzahl","Pädagogische Hochschule Zürich","monatlich","Ja","https://bildungsmonitoringzh.github.io/covid19_edu_phzh/"
2020-02-09,48,"Bildung","ilias_nutzung","Nutzung der Lernplattform ILIAS, durchschnittliche parallele Sessions","ZH","Anzahl","Pädagogische Hochschule Zürich","monatlich","Ja","https://bildungsmonitoringzh.github.io/covid19_edu_phzh/"
2020-02-10,108,"Bildung","ilias_nutzung","Nutzung der Lernplattform ILIAS, durchschnittliche parallele Sessions","ZH","Anzahl","Pädagogische Hochschule Zürich","monatlich","Ja","https://bildungsmonitoringzh.github.io/covid19_edu_phzh/"
2020-02-11,100,"Bildung","ilias_nutzung","Nutzung der Lernplattform ILIAS, durchschnittliche parallele Sessions","ZH","Anzahl","Pädagogische Hochschule Zürich","monatlich","Ja","https://bildungsmonitoringzh.github.io/covid19_edu_phzh/"
2020-02-12,98,"Bildung","ilias_nutzung","Nutzung der Lernplattform ILIAS, durchschnittliche parallele Sessions","ZH","Anzahl","Pädagogische Hochschule Zürich","monatlich","Ja","https://bildungsmonitoringzh.github.io/covid19_edu_phzh/"
2020-02-13,107,"Bildung","ilias_nutzung","Nutzung der Lernplattform ILIAS, durchschnittliche parallele Sessions","ZH","Anzahl","Pädagogische Hochschule Zürich","monatlich","Ja","https://bildungsmonitoringzh.github.io/covid19_edu_phzh/"
2020-02-14,98,"Bildung","ilias_nutzung","Nutzung der Lernplattform ILIAS, durchschnittliche parallele Sessions","ZH","Anzahl","Pädagogische Hochschule Zürich","monatlich","Ja","https://bildungsmonitoringzh.github.io/covid19_edu_phzh/"
2020-02-15,55,"Bildung","ilias_nutzung","Nutzung der Lernplattform ILIAS, durchschnittliche parallele Sessions","ZH","Anzahl","Pädagogische Hochschule Zürich","monatlich","Ja","https://bildungsmonitoringzh.github.io/covid19_edu_phzh/"
2020-02-16,103,"Bildung","ilias_nutzung","Nutzung der Lernplattform ILIAS, durchschnittliche parallele Sessions","ZH","Anzahl","Pädagogische Hochschule Zürich","monatlich","Ja","https://bildungsmonitoringzh.github.io/covid19_edu_phzh/"
2020-02-17,444,"Bildung","ilias_nutzung","Nutzung der Lernplattform ILIAS, durchschnittliche parallele Sessions","ZH","Anzahl","Pädagogische Hochschule Zürich","monatlich","Ja","https://bildungsmonitoringzh.github.io/covid19_edu_phzh/"
2020-02-18,450,"Bildung","ilias_nutzung","Nutzung der Lernplattform ILIAS, durchschnittliche parallele Sessions","ZH","Anzahl","Pädagogische Hochschule Zürich","monatlich","Ja","https://bildungsmonitoringzh.github.io/covid19_edu_phzh/"
2020-02-19,453,"Bildung","ilias_nutzung","Nutzung der Lernplattform ILIAS, durchschnittliche parallele Sessions","ZH","Anzahl","Pädagogische Hochschule Zürich","monatlich","Ja","https://bildungsmonitoringzh.github.io/covid19_edu_phzh/"
2020-02-20,439,"Bildung","ilias_nutzung","Nutzung der Lernplattform ILIAS, durchschnittliche parallele Sessions","ZH","Anzahl","Pädagogische Hochschule Zürich","monatlich","Ja","https://bildungsmonitoringzh.github.io/covid19_edu_phzh/"
2020-02-21,326,"Bildung","ilias_nutzung","Nutzung der Lernplattform ILIAS, durchschnittliche parallele Sessions","ZH","Anzahl","Pädagogische Hochschule Zürich","monatlich","Ja","https://bildungsmonitoringzh.github.io/covid19_edu_phzh/"
2020-02-22,90,"Bildung","ilias_nutzung","Nutzung der Lernplattform ILIAS, durchschnittliche parallele Sessions","ZH","Anzahl","Pädagogische Hochschule Zürich","monatlich","Ja","https://bildungsmonitoringzh.github.io/covid19_edu_phzh/"
2020-02-23,146,"Bildung","ilias_nutzung","Nutzung der Lernplattform ILIAS, durchschnittliche parallele Sessions","ZH","Anzahl","Pädagogische Hochschule Zürich","monatlich","Ja","https://bildungsmonitoringzh.github.io/covid19_edu_phzh/"
2020-02-24,463,"Bildung","ilias_nutzung","Nutzung der Lernplattform ILIAS, durchschnittliche parallele Sessions","ZH","Anzahl","Pädagogische Hochschule Zürich","monatlich","Ja","https://bildungsmonitoringzh.github.io/covid19_edu_phzh/"
2020-02-25,458,"Bildung","ilias_nutzung","Nutzung der Lernplattform ILIAS, durchschnittliche parallele Sessions","ZH","Anzahl","Pädagogische Hochschule Zürich","monatlich","Ja","https://bildungsmonitoringzh.github.io/covid19_edu_phzh/"
2020-02-26,435,"Bildung","ilias_nutzung","Nutzung der Lernplattform ILIAS, durchschnittliche parallele Sessions","ZH","Anzahl","Pädagogische Hochschule Zürich","monatlich","Ja","https://bildungsmonitoringzh.github.io/covid19_edu_phzh/"
2020-02-27,428,"Bildung","ilias_nutzung","Nutzung der Lernplattform ILIAS, durchschnittliche parallele Sessions","ZH","Anzahl","Pädagogische Hochschule Zürich","monatlich","Ja","https://bildungsmonitoringzh.github.io/covid19_edu_phzh/"
2020-02-28,306,"Bildung","ilias_nutzung","Nutzung der Lernplattform ILIAS, durchschnittliche parallele Sessions","ZH","Anzahl","Pädagogische Hochschule Zürich","monatlich","Ja","https://bildungsmonitoringzh.github.io/covid19_edu_phzh/"
2020-02-29,109,"Bildung","ilias_nutzung","Nutzung der Lernplattform ILIAS, durchschnittliche parallele Sessions","ZH","Anzahl","Pädagogische Hochschule Zürich","monatlich","Ja","https://bildungsmonitoringzh.github.io/covid19_edu_phzh/"
2020-03-01,149,"Bildung","ilias_nutzung","Nutzung der Lernplattform ILIAS, durchschnittliche parallele Sessions","ZH","Anzahl","Pädagogische Hochschule Zürich","monatlich","Ja","https://bildungsmonitoringzh.github.io/covid19_edu_phzh/"
2020-03-02,427,"Bildung","ilias_nutzung","Nutzung der Lernplattform ILIAS, durchschnittliche parallele Sessions","ZH","Anzahl","Pädagogische Hochschule Zürich","monatlich","Ja","https://bildungsmonitoringzh.github.io/covid19_edu_phzh/"
2020-03-03,406,"Bildung","ilias_nutzung","Nutzung der Lernplattform ILIAS, durchschnittliche parallele Sessions","ZH","Anzahl","Pädagogische Hochschule Zürich","monatlich","Ja","https://bildungsmonitoringzh.github.io/covid19_edu_phzh/"
2020-03-04,390,"Bildung","ilias_nutzung","Nutzung der Lernplattform ILIAS, durchschnittliche parallele Sessions","ZH","Anzahl","Pädagogische Hochschule Zürich","monatlich","Ja","https://bildungsmonitoringzh.github.io/covid19_edu_phzh/"
2020-03-05,408,"Bildung","ilias_nutzung","Nutzung der Lernplattform ILIAS, durchschnittliche parallele Sessions","ZH","Anzahl","Pädagogische Hochschule Zürich","monatlich","Ja","https://bildungsmonitoringzh.github.io/covid19_edu_phzh/"
2020-03-06,305,"Bildung","ilias_nutzung","Nutzung der Lernplattform ILIAS, durchschnittliche parallele Sessions","ZH","Anzahl","Pädagogische Hochschule Zürich","monatlich","Ja","https://bildungsmonitoringzh.github.io/covid19_edu_phzh/"
2020-03-07,135,"Bildung","ilias_nutzung","Nutzung der Lernplattform ILIAS, durchschnittliche parallele Sessions","ZH","Anzahl","Pädagogische Hochschule Zürich","monatlich","Ja","https://bildungsmonitoringzh.github.io/covid19_edu_phzh/"
2020-03-08,145,"Bildung","ilias_nutzung","Nutzung der Lernplattform ILIAS, durchschnittliche parallele Sessions","ZH","Anzahl","Pädagogische Hochschule Zürich","monatlich","Ja","https://bildungsmonitoringzh.github.io/covid19_edu_phzh/"
2020-03-09,434,"Bildung","ilias_nutzung","Nutzung der Lernplattform ILIAS, durchschnittliche parallele Sessions","ZH","Anzahl","Pädagogische Hochschule Zürich","monatlich","Ja","https://bildungsmonitoringzh.github.io/covid19_edu_phzh/"
2020-03-10,376,"Bildung","ilias_nutzung","Nutzung der Lernplattform ILIAS, durchschnittliche parallele Sessions","ZH","Anzahl","Pädagogische Hochschule Zürich","monatlich","Ja","https://bildungsmonitoringzh.github.io/covid19_edu_phzh/"
2020-03-11,374,"Bildung","ilias_nutzung","Nutzung der Lernplattform ILIAS, durchschnittliche parallele Sessions","ZH","Anzahl","Pädagogische Hochschule Zürich","monatlich","Ja","https://bildungsmonitoringzh.github.io/covid19_edu_phzh/"
2020-03-12,360,"Bildung","ilias_nutzung","Nutzung der Lernplattform ILIAS, durchschnittliche parallele Sessions","ZH","Anzahl","Pädagogische Hochschule Zürich","monatlich","Ja","https://bildungsmonitoringzh.github.io/covid19_edu_phzh/"
2020-03-13,275,"Bildung","ilias_nutzung","Nutzung der Lernplattform ILIAS, durchschnittliche parallele Sessions","ZH","Anzahl","Pädagogische Hochschule Zürich","monatlich","Ja","https://bildungsmonitoringzh.github.io/covid19_edu_phzh/"
2020-03-14,126,"Bildung","ilias_nutzung","Nutzung der Lernplattform ILIAS, durchschnittliche parallele Sessions","ZH","Anzahl","Pädagogische Hochschule Zürich","monatlich","Ja","https://bildungsmonitoringzh.github.io/covid19_edu_phzh/"
2020-03-15,116,"Bildung","ilias_nutzung","Nutzung der Lernplattform ILIAS, durchschnittliche parallele Sessions","ZH","Anzahl","Pädagogische Hochschule Zürich","monatlich","Ja","https://bildungsmonitoringzh.github.io/covid19_edu_phzh/"
2020-03-16,330,"Bildung","ilias_nutzung","Nutzung der Lernplattform ILIAS, durchschnittliche parallele Sessions","ZH","Anzahl","Pädagogische Hochschule Zürich","monatlich","Ja","https://bildungsmonitoringzh.github.io/covid19_edu_phzh/"
2020-03-17,390,"Bildung","ilias_nutzung","Nutzung der Lernplattform ILIAS, durchschnittliche parallele Sessions","ZH","Anzahl","Pädagogische Hochschule Zürich","monatlich","Ja","https://bildungsmonitoringzh.github.io/covid19_edu_phzh/"
2020-03-18,374,"Bildung","ilias_nutzung","Nutzung der Lernplattform ILIAS, durchschnittliche parallele Sessions","ZH","Anzahl","Pädagogische Hochschule Zürich","monatlich","Ja","https://bildungsmonitoringzh.github.io/covid19_edu_phzh/"
2020-03-19,415,"Bildung","ilias_nutzung","Nutzung der Lernplattform ILIAS, durchschnittliche parallele Sessions","ZH","Anzahl","Pädagogische Hochschule Zürich","monatlich","Ja","https://bildungsmonitoringzh.github.io/covid19_edu_phzh/"
2020-03-20,375,"Bildung","ilias_nutzung","Nutzung der Lernplattform ILIAS, durchschnittliche parallele Sessions","ZH","Anzahl","Pädagogische Hochschule Zürich","monatlich","Ja","https://bildungsmonitoringzh.github.io/covid19_edu_phzh/"
2020-03-21,205,"Bildung","ilias_nutzung","Nutzung der Lernplattform ILIAS, durchschnittliche parallele Sessions","ZH","Anzahl","Pädagogische Hochschule Zürich","monatlich","Ja","https://bildungsmonitoringzh.github.io/covid19_edu_phzh/"
2020-03-22,179,"Bildung","ilias_nutzung","Nutzung der Lernplattform ILIAS, durchschnittliche parallele Sessions","ZH","Anzahl","Pädagogische Hochschule Zürich","monatlich","Ja","https://bildungsmonitoringzh.github.io/covid19_edu_phzh/"
2020-03-23,485,"Bildung","ilias_nutzung","Nutzung der Lernplattform ILIAS, durchschnittliche parallele Sessions","ZH","Anzahl","Pädagogische Hochschule Zürich","monatlich","Ja","https://bildungsmonitoringzh.github.io/covid19_edu_phzh/"
2020-03-24,486,"Bildung","ilias_nutzung","Nutzung der Lernplattform ILIAS, durchschnittliche parallele Sessions","ZH","Anzahl","Pädagogische Hochschule Zürich","monatlich","Ja","https://bildungsmonitoringzh.github.io/covid19_edu_phzh/"
2020-03-25,463,"Bildung","ilias_nutzung","Nutzung der Lernplattform ILIAS, durchschnittliche parallele Sessions","ZH","Anzahl","Pädagogische Hochschule Zürich","monatlich","Ja","https://bildungsmonitoringzh.github.io/covid19_edu_phzh/"
2020-03-26,499,"Bildung","ilias_nutzung","Nutzung der Lernplattform ILIAS, durchschnittliche parallele Sessions","ZH","Anzahl","Pädagogische Hochschule Zürich","monatlich","Ja","https://bildungsmonitoringzh.github.io/covid19_edu_phzh/"
2020-03-27,389,"Bildung","ilias_nutzung","Nutzung der Lernplattform ILIAS, durchschnittliche parallele Sessions","ZH","Anzahl","Pädagogische Hochschule Zürich","monatlich","Ja","https://bildungsmonitoringzh.github.io/covid19_edu_phzh/"
2020-03-28,160,"Bildung","ilias_nutzung","Nutzung der Lernplattform ILIAS, durchschnittliche parallele Sessions","ZH","Anzahl","Pädagogische Hochschule Zürich","monatlich","Ja","https://bildungsmonitoringzh.github.io/covid19_edu_phzh/"
2020-03-29,208,"Bildung","ilias_nutzung","Nutzung der Lernplattform ILIAS, durchschnittliche parallele Sessions","ZH","Anzahl","Pädagogische Hochschule Zürich","monatlich","Ja","https://bildungsmonitoringzh.github.io/covid19_edu_phzh/"
2020-03-30,497,"Bildung","ilias_nutzung","Nutzung der Lernplattform ILIAS, durchschnittliche parallele Sessions","ZH","Anzahl","Pädagogische Hochschule Zürich","monatlich","Ja","https://bildungsmonitoringzh.github.io/covid19_edu_phzh/"
2020-03-31,459,"Bildung","ilias_nutzung","Nutzung der Lernplattform ILIAS, durchschnittliche parallele Sessions","ZH","Anzahl","Pädagogische Hochschule Zürich","monatlich","Ja","https://bildungsmonitoringzh.github.io/covid19_edu_phzh/"
2020-04-01,434,"Bildung","ilias_nutzung","Nutzung der Lernplattform ILIAS, durchschnittliche parallele Sessions","ZH","Anzahl","Pädagogische Hochschule Zürich","monatlich","Ja","https://bildungsmonitoringzh.github.io/covid19_edu_phzh/"
2020-04-02,429,"Bildung","ilias_nutzung","Nutzung der Lernplattform ILIAS, durchschnittliche parallele Sessions","ZH","Anzahl","Pädagogische Hochschule Zürich","monatlich","Ja","https://bildungsmonitoringzh.github.io/covid19_edu_phzh/"
2020-04-03,361,"Bildung","ilias_nutzung","Nutzung der Lernplattform ILIAS, durchschnittliche parallele Sessions","ZH","Anzahl","Pädagogische Hochschule Zürich","monatlich","Ja","https://bildungsmonitoringzh.github.io/covid19_edu_phzh/"
2020-04-04,149,"Bildung","ilias_nutzung","Nutzung der Lernplattform ILIAS, durchschnittliche parallele Sessions","ZH","Anzahl","Pädagogische Hochschule Zürich","monatlich","Ja","https://bildungsmonitoringzh.github.io/covid19_edu_phzh/"
2020-04-05,158,"Bildung","ilias_nutzung","Nutzung der Lernplattform ILIAS, durchschnittliche parallele Sessions","ZH","Anzahl","Pädagogische Hochschule Zürich","monatlich","Ja","https://bildungsmonitoringzh.github.io/covid19_edu_phzh/"
2020-04-06,454,"Bildung","ilias_nutzung","Nutzung der Lernplattform ILIAS, durchschnittliche parallele Sessions","ZH","Anzahl","Pädagogische Hochschule Zürich","monatlich","Ja","https://bildungsmonitoringzh.github.io/covid19_edu_phzh/"
2020-04-07,419,"Bildung","ilias_nutzung","Nutzung der Lernplattform ILIAS, durchschnittliche parallele Sessions","ZH","Anzahl","Pädagogische Hochschule Zürich","monatlich","Ja","https://bildungsmonitoringzh.github.io/covid19_edu_phzh/"
2020-04-08,374,"Bildung","ilias_nutzung","Nutzung der Lernplattform ILIAS, durchschnittliche parallele Sessions","ZH","Anzahl","Pädagogische Hochschule Zürich","monatlich","Ja","https://bildungsmonitoringzh.github.io/covid19_edu_phzh/"
2020-04-09,352,"Bildung","ilias_nutzung","Nutzung der Lernplattform ILIAS, durchschnittliche parallele Sessions","ZH","Anzahl","Pädagogische Hochschule Zürich","monatlich","Ja","https://bildungsmonitoringzh.github.io/covid19_edu_phzh/"
2020-04-10,142,"Bildung","ilias_nutzung","Nutzung der Lernplattform ILIAS, durchschnittliche parallele Sessions","ZH","Anzahl","Pädagogische Hochschule Zürich","monatlich","Ja","https://bildungsmonitoringzh.github.io/covid19_edu_phzh/"
2020-04-11,95,"Bildung","ilias_nutzung","Nutzung der Lernplattform ILIAS, durchschnittliche parallele Sessions","ZH","Anzahl","Pädagogische Hochschule Zürich","monatlich","Ja","https://bildungsmonitoringzh.github.io/covid19_edu_phzh/"
2020-04-12,77,"Bildung","ilias_nutzung","Nutzung der Lernplattform ILIAS, durchschnittliche parallele Sessions","ZH","Anzahl","Pädagogische Hochschule Zürich","monatlich","Ja","https://bildungsmonitoringzh.github.io/covid19_edu_phzh/"
2020-04-13,160,"Bildung","ilias_nutzung","Nutzung der Lernplattform ILIAS, durchschnittliche parallele Sessions","ZH","Anzahl","Pädagogische Hochschule Zürich","monatlich","Ja","https://bildungsmonitoringzh.github.io/covid19_edu_phzh/"
2020-04-14,293,"Bildung","ilias_nutzung","Nutzung der Lernplattform ILIAS, durchschnittliche parallele Sessions","ZH","Anzahl","Pädagogische Hochschule Zürich","monatlich","Ja","https://bildungsmonitoringzh.github.io/covid19_edu_phzh/"
2020-04-15,273,"Bildung","ilias_nutzung","Nutzung der Lernplattform ILIAS, durchschnittliche parallele Sessions","ZH","Anzahl","Pädagogische Hochschule Zürich","monatlich","Ja","https://bildungsmonitoringzh.github.io/covid19_edu_phzh/"
2020-04-16,287,"Bildung","ilias_nutzung","Nutzung der Lernplattform ILIAS, durchschnittliche parallele Sessions","ZH","Anzahl","Pädagogische Hochschule Zürich","monatlich","Ja","https://bildungsmonitoringzh.github.io/covid19_edu_phzh/"
2020-04-17,250,"Bildung","ilias_nutzung","Nutzung der Lernplattform ILIAS, durchschnittliche parallele Sessions","ZH","Anzahl","Pädagogische Hochschule Zürich","monatlich","Ja","https://bildungsmonitoringzh.github.io/covid19_edu_phzh/"
2020-04-18,127,"Bildung","ilias_nutzung","Nutzung der Lernplattform ILIAS, durchschnittliche parallele Sessions","ZH","Anzahl","Pädagogische Hochschule Zürich","monatlich","Ja","https://bildungsmonitoringzh.github.io/covid19_edu_phzh/"
2020-04-19,174,"Bildung","ilias_nutzung","Nutzung der Lernplattform ILIAS, durchschnittliche parallele Sessions","ZH","Anzahl","Pädagogische Hochschule Zürich","monatlich","Ja","https://bildungsmonitoringzh.github.io/covid19_edu_phzh/"
2020-04-20,440,"Bildung","ilias_nutzung","Nutzung der Lernplattform ILIAS, durchschnittliche parallele Sessions","ZH","Anzahl","Pädagogische Hochschule Zürich","monatlich","Ja","https://bildungsmonitoringzh.github.io/covid19_edu_phzh/"
2020-04-21,467,"Bildung","ilias_nutzung","Nutzung der Lernplattform ILIAS, durchschnittliche parallele Sessions","ZH","Anzahl","Pädagogische Hochschule Zürich","monatlich","Ja","https://bildungsmonitoringzh.github.io/covid19_edu_phzh/"
2020-04-22,408,"Bildung","ilias_nutzung","Nutzung der Lernplattform ILIAS, durchschnittliche parallele Sessions","ZH","Anzahl","Pädagogische Hochschule Zürich","monatlich","Ja","https://bildungsmonitoringzh.github.io/covid19_edu_phzh/"
2020-04-23,429,"Bildung","ilias_nutzung","Nutzung der Lernplattform ILIAS, durchschnittliche parallele Sessions","ZH","Anzahl","Pädagogische Hochschule Zürich","monatlich","Ja","https://bildungsmonitoringzh.github.io/covid19_edu_phzh/"
2020-04-24,336,"Bildung","ilias_nutzung","Nutzung der Lernplattform ILIAS, durchschnittliche parallele Sessions","ZH","Anzahl","Pädagogische Hochschule Zürich","monatlich","Ja","https://bildungsmonitoringzh.github.io/covid19_edu_phzh/"
2020-04-25,139,"Bildung","ilias_nutzung","Nutzung der Lernplattform ILIAS, durchschnittliche parallele Sessions","ZH","Anzahl","Pädagogische Hochschule Zürich","monatlich","Ja","https://bildungsmonitoringzh.github.io/covid19_edu_phzh/"
2020-04-26,168,"Bildung","ilias_nutzung","Nutzung der Lernplattform ILIAS, durchschnittliche parallele Sessions","ZH","Anzahl","Pädagogische Hochschule Zürich","monatlich","Ja","https://bildungsmonitoringzh.github.io/covid19_edu_phzh/"
2020-04-27,425,"Bildung","ilias_nutzung","Nutzung der Lernplattform ILIAS, durchschnittliche parallele Sessions","ZH","Anzahl","Pädagogische Hochschule Zürich","monatlich","Ja","https://bildungsmonitoringzh.github.io/covid19_edu_phzh/"
2020-04-28,448,"Bildung","ilias_nutzung","Nutzung der Lernplattform ILIAS, durchschnittliche parallele Sessions","ZH","Anzahl","Pädagogische Hochschule Zürich","monatlich","Ja","https://bildungsmonitoringzh.github.io/covid19_edu_phzh/"
2020-04-29,410,"Bildung","ilias_nutzung","Nutzung der Lernplattform ILIAS, durchschnittliche parallele Sessions","ZH","Anzahl","Pädagogische Hochschule Zürich","monatlich","Ja","https://bildungsmonitoringzh.github.io/covid19_edu_phzh/"
2020-04-30,395,"Bildung","ilias_nutzung","Nutzung der Lernplattform ILIAS, durchschnittliche parallele Sessions","ZH","Anzahl","Pädagogische Hochschule Zürich","monatlich","Ja","https://bildungsmonitoringzh.github.io/covid19_edu_phzh/"
2020-05-01,232,"Bildung","ilias_nutzung","Nutzung der Lernplattform ILIAS, durchschnittliche parallele Sessions","ZH","Anzahl","Pädagogische Hochschule Zürich","monatlich","Ja","https://bildungsmonitoringzh.github.io/covid19_edu_phzh/"
2020-05-02,154,"Bildung","ilias_nutzung","Nutzung der Lernplattform ILIAS, durchschnittliche parallele Sessions","ZH","Anzahl","Pädagogische Hochschule Zürich","monatlich","Ja","https://bildungsmonitoringzh.github.io/covid19_edu_phzh/"
2020-05-03,160,"Bildung","ilias_nutzung","Nutzung der Lernplattform ILIAS, durchschnittliche parallele Sessions","ZH","Anzahl","Pädagogische Hochschule Zürich","monatlich","Ja","https://bildungsmonitoringzh.github.io/covid19_edu_phzh/"
2020-05-04,421,"Bildung","ilias_nutzung","Nutzung der Lernplattform ILIAS, durchschnittliche parallele Sessions","ZH","Anzahl","Pädagogische Hochschule Zürich","monatlich","Ja","https://bildungsmonitoringzh.github.io/covid19_edu_phzh/"
2020-05-05,442,"Bildung","ilias_nutzung","Nutzung der Lernplattform ILIAS, durchschnittliche parallele Sessions","ZH","Anzahl","Pädagogische Hochschule Zürich","monatlich","Ja","https://bildungsmonitoringzh.github.io/covid19_edu_phzh/"
2020-05-06,386,"Bildung","ilias_nutzung","Nutzung der Lernplattform ILIAS, durchschnittliche parallele Sessions","ZH","Anzahl","Pädagogische Hochschule Zürich","monatlich","Ja","https://bildungsmonitoringzh.github.io/covid19_edu_phzh/"
2020-05-07,366,"Bildung","ilias_nutzung","Nutzung der Lernplattform ILIAS, durchschnittliche parallele Sessions","ZH","Anzahl","Pädagogische Hochschule Zürich","monatlich","Ja","https://bildungsmonitoringzh.github.io/covid19_edu_phzh/"
2020-05-08,304,"Bildung","ilias_nutzung","Nutzung der Lernplattform ILIAS, durchschnittliche parallele Sessions","ZH","Anzahl","Pädagogische Hochschule Zürich","monatlich","Ja","https://bildungsmonitoringzh.github.io/covid19_edu_phzh/"
2020-05-09,145,"Bildung","ilias_nutzung","Nutzung der Lernplattform ILIAS, durchschnittliche parallele Sessions","ZH","Anzahl","Pädagogische Hochschule Zürich","monatlich","Ja","https://bildungsmonitoringzh.github.io/covid19_edu_phzh/"
2020-05-10,145,"Bildung","ilias_nutzung","Nutzung der Lernplattform ILIAS, durchschnittliche parallele Sessions","ZH","Anzahl","Pädagogische Hochschule Zürich","monatlich","Ja","https://bildungsmonitoringzh.github.io/covid19_edu_phzh/"
2020-05-11,427,"Bildung","ilias_nutzung","Nutzung der Lernplattform ILIAS, durchschnittliche parallele Sessions","ZH","Anzahl","Pädagogische Hochschule Zürich","monatlich","Ja","https://bildungsmonitoringzh.github.io/covid19_edu_phzh/"
2020-05-12,395,"Bildung","ilias_nutzung","Nutzung der Lernplattform ILIAS, durchschnittliche parallele Sessions","ZH","Anzahl","Pädagogische Hochschule Zürich","monatlich","Ja","https://bildungsmonitoringzh.github.io/covid19_edu_phzh/"
2020-05-13,386,"Bildung","ilias_nutzung","Nutzung der Lernplattform ILIAS, durchschnittliche parallele Sessions","ZH","Anzahl","Pädagogische Hochschule Zürich","monatlich","Ja","https://bildungsmonitoringzh.github.io/covid19_edu_phzh/"
2020-05-14,399,"Bildung","ilias_nutzung","Nutzung der Lernplattform ILIAS, durchschnittliche parallele Sessions","ZH","Anzahl","Pädagogische Hochschule Zürich","monatlich","Ja","https://bildungsmonitoringzh.github.io/covid19_edu_phzh/"
2020-05-15,358,"Bildung","ilias_nutzung","Nutzung der Lernplattform ILIAS, durchschnittliche parallele Sessions","ZH","Anzahl","Pädagogische Hochschule Zürich","monatlich","Ja","https://bildungsmonitoringzh.github.io/covid19_edu_phzh/"
2020-05-16,169,"Bildung","ilias_nutzung","Nutzung der Lernplattform ILIAS, durchschnittliche parallele Sessions","ZH","Anzahl","Pädagogische Hochschule Zürich","monatlich","Ja","https://bildungsmonitoringzh.github.io/covid19_edu_phzh/"
2020-05-17,149,"Bildung","ilias_nutzung","Nutzung der Lernplattform ILIAS, durchschnittliche parallele Sessions","ZH","Anzahl","Pädagogische Hochschule Zürich","monatlich","Ja","https://bildungsmonitoringzh.github.io/covid19_edu_phzh/"
2020-05-18,368,"Bildung","ilias_nutzung","Nutzung der Lernplattform ILIAS, durchschnittliche parallele Sessions","ZH","Anzahl","Pädagogische Hochschule Zürich","monatlich","Ja","https://bildungsmonitoringzh.github.io/covid19_edu_phzh/"
2020-05-19,323,"Bildung","ilias_nutzung","Nutzung der Lernplattform ILIAS, durchschnittliche parallele Sessions","ZH","Anzahl","Pädagogische Hochschule Zürich","monatlich","Ja","https://bildungsmonitoringzh.github.io/covid19_edu_phzh/"
2020-05-20,287,"Bildung","ilias_nutzung","Nutzung der Lernplattform ILIAS, durchschnittliche parallele Sessions","ZH","Anzahl","Pädagogische Hochschule Zürich","monatlich","Ja","https://bildungsmonitoringzh.github.io/covid19_edu_phzh/"
2020-05-21,184,"Bildung","ilias_nutzung","Nutzung der Lernplattform ILIAS, durchschnittliche parallele Sessions","ZH","Anzahl","Pädagogische Hochschule Zürich","monatlich","Ja","https://bildungsmonitoringzh.github.io/covid19_edu_phzh/"
2020-05-22,241,"Bildung","ilias_nutzung","Nutzung der Lernplattform ILIAS, durchschnittliche parallele Sessions","ZH","Anzahl","Pädagogische Hochschule Zürich","monatlich","Ja","https://bildungsmonitoringzh.github.io/covid19_edu_phzh/"
2020-05-23,175,"Bildung","ilias_nutzung","Nutzung der Lernplattform ILIAS, durchschnittliche parallele Sessions","ZH","Anzahl","Pädagogische Hochschule Zürich","monatlich","Ja","https://bildungsmonitoringzh.github.io/covid19_edu_phzh/"
2020-05-24,197,"Bildung","ilias_nutzung","Nutzung der Lernplattform ILIAS, durchschnittliche parallele Sessions","ZH","Anzahl","Pädagogische Hochschule Zürich","monatlich","Ja","https://bildungsmonitoringzh.github.io/covid19_edu_phzh/"
2020-05-25,369,"Bildung","ilias_nutzung","Nutzung der Lernplattform ILIAS, durchschnittliche parallele Sessions","ZH","Anzahl","Pädagogische Hochschule Zürich","monatlich","Ja","https://bildungsmonitoringzh.github.io/covid19_edu_phzh/"
2020-05-26,355,"Bildung","ilias_nutzung","Nutzung der Lernplattform ILIAS, durchschnittliche parallele Sessions","ZH","Anzahl","Pädagogische Hochschule Zürich","monatlich","Ja","https://bildungsmonitoringzh.github.io/covid19_edu_phzh/"
2020-05-27,322,"Bildung","ilias_nutzung","Nutzung der Lernplattform ILIAS, durchschnittliche parallele Sessions","ZH","Anzahl","Pädagogische Hochschule Zürich","monatlich","Ja","https://bildungsmonitoringzh.github.io/covid19_edu_phzh/"
2020-05-28,317,"Bildung","ilias_nutzung","Nutzung der Lernplattform ILIAS, durchschnittliche parallele Sessions","ZH","Anzahl","Pädagogische Hochschule Zürich","monatlich","Ja","https://bildungsmonitoringzh.github.io/covid19_edu_phzh/"
2020-05-29,253,"Bildung","ilias_nutzung","Nutzung der Lernplattform ILIAS, durchschnittliche parallele Sessions","ZH","Anzahl","Pädagogische Hochschule Zürich","monatlich","Ja","https://bildungsmonitoringzh.github.io/covid19_edu_phzh/"
2020-05-30,123,"Bildung","ilias_nutzung","Nutzung der Lernplattform ILIAS, durchschnittliche parallele Sessions","ZH","Anzahl","Pädagogische Hochschule Zürich","monatlich","Ja","https://bildungsmonitoringzh.github.io/covid19_edu_phzh/"
2020-05-31,132,"Bildung","ilias_nutzung","Nutzung der Lernplattform ILIAS, durchschnittliche parallele Sessions","ZH","Anzahl","Pädagogische Hochschule Zürich","monatlich","Ja","https://bildungsmonitoringzh.github.io/covid19_edu_phzh/"
2020-06-01,172,"Bildung","ilias_nutzung","Nutzung der Lernplattform ILIAS, durchschnittliche parallele Sessions","ZH","Anzahl","Pädagogische Hochschule Zürich","monatlich","Ja","https://bildungsmonitoringzh.github.io/covid19_edu_phzh/"
2020-06-02,235,"Bildung","ilias_nutzung","Nutzung der Lernplattform ILIAS, durchschnittliche parallele Sessions","ZH","Anzahl","Pädagogische Hochschule Zürich","monatlich","Ja","https://bildungsmonitoringzh.github.io/covid19_edu_phzh/"
2020-06-03,245,"Bildung","ilias_nutzung","Nutzung der Lernplattform ILIAS, durchschnittliche parallele Sessions","ZH","Anzahl","Pädagogische Hochschule Zürich","monatlich","Ja","https://bildungsmonitoringzh.github.io/covid19_edu_phzh/"
2020-06-04,244,"Bildung","ilias_nutzung","Nutzung der Lernplattform ILIAS, durchschnittliche parallele Sessions","ZH","Anzahl","Pädagogische Hochschule Zürich","monatlich","Ja","https://bildungsmonitoringzh.github.io/covid19_edu_phzh/"
2020-06-05,199,"Bildung","ilias_nutzung","Nutzung der Lernplattform ILIAS, durchschnittliche parallele Sessions","ZH","Anzahl","Pädagogische Hochschule Zürich","monatlich","Ja","https://bildungsmonitoringzh.github.io/covid19_edu_phzh/"
2020-06-06,137,"Bildung","ilias_nutzung","Nutzung der Lernplattform ILIAS, durchschnittliche parallele Sessions","ZH","Anzahl","Pädagogische Hochschule Zürich","monatlich","Ja","https://bildungsmonitoringzh.github.io/covid19_edu_phzh/"
2020-06-07,137,"Bildung","ilias_nutzung","Nutzung der Lernplattform ILIAS, durchschnittliche parallele Sessions","ZH","Anzahl","Pädagogische Hochschule Zürich","monatlich","Ja","https://bildungsmonitoringzh.github.io/covid19_edu_phzh/"
2020-06-08,239,"Bildung","ilias_nutzung","Nutzung der Lernplattform ILIAS, durchschnittliche parallele Sessions","ZH","Anzahl","Pädagogische Hochschule Zürich","monatlich","Ja","https://bildungsmonitoringzh.github.io/covid19_edu_phzh/"
2020-06-09,227,"Bildung","ilias_nutzung","Nutzung der Lernplattform ILIAS, durchschnittliche parallele Sessions","ZH","Anzahl","Pädagogische Hochschule Zürich","monatlich","Ja","https://bildungsmonitoringzh.github.io/covid19_edu_phzh/"
2020-06-10,209,"Bildung","ilias_nutzung","Nutzung der Lernplattform ILIAS, durchschnittliche parallele Sessions","ZH","Anzahl","Pädagogische Hochschule Zürich","monatlich","Ja","https://bildungsmonitoringzh.github.io/covid19_edu_phzh/"
2020-06-11,244,"Bildung","ilias_nutzung","Nutzung der Lernplattform ILIAS, durchschnittliche parallele Sessions","ZH","Anzahl","Pädagogische Hochschule Zürich","monatlich","Ja","https://bildungsmonitoringzh.github.io/covid19_edu_phzh/"
2020-06-12,124,"Bildung","ilias_nutzung","Nutzung der Lernplattform ILIAS, durchschnittliche parallele Sessions","ZH","Anzahl","Pädagogische Hochschule Zürich","monatlich","Ja","https://bildungsmonitoringzh.github.io/covid19_edu_phzh/"
2020-06-13,91,"Bildung","ilias_nutzung","Nutzung der Lernplattform ILIAS, durchschnittliche parallele Sessions","ZH","Anzahl","Pädagogische Hochschule Zürich","monatlich","Ja","https://bildungsmonitoringzh.github.io/covid19_edu_phzh/"
2020-06-14,116,"Bildung","ilias_nutzung","Nutzung der Lernplattform ILIAS, durchschnittliche parallele Sessions","ZH","Anzahl","Pädagogische Hochschule Zürich","monatlich","Ja","https://bildungsmonitoringzh.github.io/covid19_edu_phzh/"
2020-06-15,174,"Bildung","ilias_nutzung","Nutzung der Lernplattform ILIAS, durchschnittliche parallele Sessions","ZH","Anzahl","Pädagogische Hochschule Zürich","monatlich","Ja","https://bildungsmonitoringzh.github.io/covid19_edu_phzh/"
2020-06-16,141,"Bildung","ilias_nutzung","Nutzung der Lernplattform ILIAS, durchschnittliche parallele Sessions","ZH","Anzahl","Pädagogische Hochschule Zürich","monatlich","Ja","https://bildungsmonitoringzh.github.io/covid19_edu_phzh/"
2020-06-17,131,"Bildung","ilias_nutzung","Nutzung der Lernplattform ILIAS, durchschnittliche parallele Sessions","ZH","Anzahl","Pädagogische Hochschule Zürich","monatlich","Ja","https://bildungsmonitoringzh.github.io/covid19_edu_phzh/"
2020-06-18,134,"Bildung","ilias_nutzung","Nutzung der Lernplattform ILIAS, durchschnittliche parallele Sessions","ZH","Anzahl","Pädagogische Hochschule Zürich","monatlich","Ja","https://bildungsmonitoringzh.github.io/covid19_edu_phzh/"
2020-06-19,99,"Bildung","ilias_nutzung","Nutzung der Lernplattform ILIAS, durchschnittliche parallele Sessions","ZH","Anzahl","Pädagogische Hochschule Zürich","monatlich","Ja","https://bildungsmonitoringzh.github.io/covid19_edu_phzh/"
2020-06-20,64,"Bildung","ilias_nutzung","Nutzung der Lernplattform ILIAS, durchschnittliche parallele Sessions","ZH","Anzahl","Pädagogische Hochschule Zürich","monatlich","Ja","https://bildungsmonitoringzh.github.io/covid19_edu_phzh/"
2020-06-21,70,"Bildung","ilias_nutzung","Nutzung der Lernplattform ILIAS, durchschnittliche parallele Sessions","ZH","Anzahl","Pädagogische Hochschule Zürich","monatlich","Ja","https://bildungsmonitoringzh.github.io/covid19_edu_phzh/"
2020-06-22,173,"Bildung","ilias_nutzung","Nutzung der Lernplattform ILIAS, durchschnittliche parallele Sessions","ZH","Anzahl","Pädagogische Hochschule Zürich","monatlich","Ja","https://bildungsmonitoringzh.github.io/covid19_edu_phzh/"
2020-06-23,148,"Bildung","ilias_nutzung","Nutzung der Lernplattform ILIAS, durchschnittliche parallele Sessions","ZH","Anzahl","Pädagogische Hochschule Zürich","monatlich","Ja","https://bildungsmonitoringzh.github.io/covid19_edu_phzh/"
2020-06-24,146,"Bildung","ilias_nutzung","Nutzung der Lernplattform ILIAS, durchschnittliche parallele Sessions","ZH","Anzahl","Pädagogische Hochschule Zürich","monatlich","Ja","https://bildungsmonitoringzh.github.io/covid19_edu_phzh/"
2020-06-25,112,"Bildung","ilias_nutzung","Nutzung der Lernplattform ILIAS, durchschnittliche parallele Sessions","ZH","Anzahl","Pädagogische Hochschule Zürich","monatlich","Ja","https://bildungsmonitoringzh.github.io/covid19_edu_phzh/"
2020-06-26,107,"Bildung","ilias_nutzung","Nutzung der Lernplattform ILIAS, durchschnittliche parallele Sessions","ZH","Anzahl","Pädagogische Hochschule Zürich","monatlich","Ja","https://bildungsmonitoringzh.github.io/covid19_edu_phzh/"
2020-06-27,42,"Bildung","ilias_nutzung","Nutzung der Lernplattform ILIAS, durchschnittliche parallele Sessions","ZH","Anzahl","Pädagogische Hochschule Zürich","monatlich","Ja","https://bildungsmonitoringzh.github.io/covid19_edu_phzh/"
2020-06-28,60,"Bildung","ilias_nutzung","Nutzung der Lernplattform ILIAS, durchschnittliche parallele Sessions","ZH","Anzahl","Pädagogische Hochschule Zürich","monatlich","Ja","https://bildungsmonitoringzh.github.io/covid19_edu_phzh/"
2020-06-29,145,"Bildung","ilias_nutzung","Nutzung der Lernplattform ILIAS, durchschnittliche parallele Sessions","ZH","Anzahl","Pädagogische Hochschule Zürich","monatlich","Ja","https://bildungsmonitoringzh.github.io/covid19_edu_phzh/"
2020-06-30,38,"Bildung","ilias_nutzung","Nutzung der Lernplattform ILIAS, durchschnittliche parallele Sessions","ZH","Anzahl","Pädagogische Hochschule Zürich","monatlich","Ja","https://bildungsmonitoringzh.github.io/covid19_edu_phzh/"
